,accuracy,loss,val_accuracy,val_loss
0,[0.89841735],[1.2729513669775743],[0.88483703],[1.285738689816055]
1,[0.97432524],[1.0321797586003096],[0.926719],[1.1523177714719302]
